,fare_amount
15519,11.7
12870,6.5
9271,10.0
10564,7.5
14987,9.7
5749,5.7
4864,10.0
12737,4.5
2841,30.67
9468,7.0
6023,6.2
13064,5.0
1378,7.3
10174,3.7
7390,7.5
13537,11.7
2285,9.0
10375,8.1
5013,9.7
10064,4.1
4091,5.3
8190,5.0
12398,4.5
11307,8.9
10972,3.7
4468,14.9
9154,4.9
9403,19.0
13407,12.9
12060,13.5
7003,5.7
2983,7.3
10703,12.1
7149,11.5
2623,15.5
8776,7.0
1507,7.5
5383,5.7
12852,5.7
5245,5.5
5990,6.1
10034,10.0
4057,6.9
4738,11.5
3339,39.5
11999,22.9
8016,6.0
5552,9.3
7005,27.07
15825,5.3
15475,6.5
3532,10.5
9827,10.5
8677,6.0
15173,5.3
10877,8.9
461,3.3
4790,8.1
4465,6.5
16035,9.0
5424,5.3
11903,4.9
13270,7.7
8799,3.3
193,4.5
5794,5.7
5006,11.5
7330,13.5
742,5.5
1350,30.1
3523,13.3
9080,10.9
3257,11.0
12404,14.5
15438,18.9
15509,8.9
10532,8.5
13281,7.7
2093,6.0
4265,13.5
5001,10.9
14328,26.27
15080,9.3
10364,6.9
511,38.1
712,8.5
15013,3.7
9881,5.3
9173,21.54
15292,6.5
5601,9.0
7874,3.7
9221,9.3
10248,4.1
14722,6.5
15141,9.4
10211,49.8
3705,6.9
11368,7.0
15645,15.5
3693,8.0
3106,4.9
4891,6.0
7696,12.5
983,6.9
1286,16.5
11695,8.0
3419,15.0
4281,11.3
8103,6.1
7365,11.0
6541,8.1
5735,24.9
11666,13.0
638,16.1
946,12.1
4225,8.0
14918,7.3
8721,8.5
2385,7.3
11174,12.5
8197,8.1
1019,12.5
14908,6.5
5211,4.5
12895,11.5
32,31.9
15552,8.1
8858,4.9
14425,7.5
10568,31.3
13681,10.5
2832,4.1
10487,6.5
12740,6.5
15413,6.0
8209,4.5
1725,3.7
9846,11.3
5544,7.5
2536,12.5
11671,8.9
5653,8.5
11375,8.5
9665,11.0
465,3.7
1693,4.1
3721,15.5
3520,24.5
6458,10.1
12735,7.5
12306,7.5
4528,12.5
13840,6.5
11427,4.1
7061,8.5
8608,4.1
11136,9.0
5654,5.7
3473,5.3
13784,6.1
15047,10.0
8297,5.3
11852,6.0
723,5.7
5639,16.1
16016,6.5
6301,6.9
7088,17.0
9797,10.5
7214,7.0
7304,10.1
9181,8.0
6787,42.5
3649,5.4
11641,32.9
12640,5.7
14646,5.5
15449,7.7
11674,6.5
14023,6.0
14787,12.0
9642,17.3
24,6.1
13196,5.7
4161,12.5
5394,3.5
12485,4.5
2920,25.5
11519,10.5
3431,10.5
7591,9.3
3350,8.9
3060,5.3
8160,33.7
9457,20.0
11301,8.5
15955,16.0
4690,11.3
14600,7.5
9596,14.5
11179,12.9
7034,9.5
4377,35.3
2371,4.0
7269,4.1
99,5.7
2045,6.5
7427,13.0
11266,11.3
11525,9.0
13314,6.5
617,6.5
5016,18.0
869,6.1
10242,6.1
9819,7.3
4262,3.7
13328,6.1
7526,8.0
6523,4.5
6178,36.0
9540,3.7
13188,42.33
8187,14.5
13834,4.1
2358,17.0
12167,6.9
9206,15.3
14889,5.0
8261,7.7
11774,31.5
10471,9.3
9245,4.9
4070,4.5
5644,5.0
7882,6.9
5938,8.5
4665,7.0
3972,6.5
6205,4.9
13364,9.3
624,10.9
9544,9.3
3699,7.5
9473,5.7
7894,10.5
14085,6.5
1451,5.0
12777,9.7
6552,7.5
4483,6.0
4247,9.7
5157,11.0
3951,4.9
4437,5.7
15436,6.5
11864,13.7
14513,12.1
4436,8.5
2956,28.5
1234,7.3
8142,18.5
9579,7.7
3116,8.9
6908,8.1
15540,8.5
10559,3.7
13749,5.7
5971,6.5
4034,7.3
8746,10.1
8126,35.33
14192,11.3
6729,19.0
14164,6.5
10297,6.9
13502,4.1
5408,4.1
6879,10.0
10403,14.1
11814,22.1
10452,4.1
6313,11.0
956,22.1
4957,6.9
8705,11.5
2396,4.1
12215,6.1
14822,11.0
1319,11.7
11089,5.5
12409,25.0
1821,6.0
1384,16.9
10009,8.9
11536,5.7
7860,13.0
3010,4.0
10893,13.5
4815,5.0
8760,7.7
10636,9.0
15991,7.7
12508,12.5
11780,7.3
4630,8.5
7031,12.5
12851,5.3
12806,28.1
9601,5.5
500,6.0
11283,17.0
12147,16.1
11441,6.5
8590,8.5
993,23.0
5750,13.5
1541,5.3
15652,7.3
8918,8.9
11988,4.1
11802,13.3
8801,5.3
14611,4.5
1077,12.1
4211,27.7
4655,13.5
1827,10.5
4275,18.5
1982,8.5
41,10.9
6426,5.3
228,10.5
9425,9.3
10731,4.9
4623,12.1
13044,8.5
2420,4.9
3738,8.1
8902,6.1
12322,6.1
269,8.9
7945,4.0
12563,17.3
3802,7.7
16,12.5
4836,5.3
10114,6.9
4845,7.7
8956,5.3
11817,6.0
13100,3.5
5872,12.5
11198,4.5
5806,5.7
11440,16.5
9501,6.9
9896,6.0
3242,14.9
5073,16.5
14647,10.9
3033,10.5
3548,11.7
4438,16.1
271,5.5
14603,30.9
100,10.0
10829,10.0
7740,8.9
5179,33.47
12765,12.5
10394,6.0
10584,16.1
732,7.0
10265,10.0
5200,11.5
2601,16.5
2520,6.5
5205,8.1
392,8.5
12084,6.1
14973,6.1
4318,9.5
13043,4.9
12475,8.5
15202,7.5
9491,10.0
4778,6.1
4129,7.3
10687,9.7
9982,6.5
8188,4.9
5944,6.5
11358,6.1
2669,7.5
12058,20.5
15731,6.5
13311,7.7
14915,8.1
13159,11.0
10356,21.5
1249,4.5
5650,11.7
11029,11.5
1619,40.1
10974,7.3
15983,25.3
1473,10.0
14243,6.9
5112,23.0
8180,8.5
11360,9.5
7970,6.5
1594,3.7
7238,13.0
3697,10.9
14883,6.5
14003,11.3
1088,11.0
8436,4.5
8903,6.5
10086,4.1
4914,3.7
1403,6.0
3115,9.7
9636,7.5
6717,10.5
12505,6.1
13982,10.5
1128,22.5
2282,6.5
8100,5.7
1359,10.5
13169,6.1
14339,11.5
13056,13.5
1097,6.5
3006,10.9
15431,9.5
6089,8.5
9932,4.9
9182,24.5
10956,13.5
5134,14.5
15631,5.7
9293,6.0
10926,12.1
1540,10.5
13286,4.9
11286,4.5
1627,13.7
1528,8.5
15844,6.5
6101,12.5
1643,30.1
11935,6.5
13750,4.1
4877,6.9
5774,6.5
6227,11.3
13289,5.5
11476,6.1
1450,4.5
1784,6.1
15580,12.1
12599,6.1
10010,12.5
6862,8.1
12918,7.7
2422,6.5
11246,5.0
11577,18.5
15088,6.1
2941,9.0
1438,6.5
9941,13.0
2236,4.5
5303,9.7
11876,4.5
15435,5.3
13960,7.7
11535,6.5
14516,34.33
1069,5.0
3992,4.1
6566,21.5
1188,15.3
6337,9.7
241,9.0
14459,4.5
11910,39.04
7817,10.1
14503,15.0
7827,9.5
12503,9.5
5540,11.3
3197,10.1
7708,8.5
10640,8.9
13373,8.9
9678,10.9
9722,5.3
5040,31.7
4882,4.9
13330,9.0
10849,34.5
432,15.0
14033,6.1
9016,4.9
3823,11.0
14879,8.5
14296,6.5
9849,6.5
12634,5.5
4023,7.5
2348,6.9
13223,5.3
11030,5.0
10480,6.5
11521,8.1
12736,8.5
8211,12.5
15407,10.5
12131,13.0
7869,7.7
9267,8.1
6315,8.1
207,10.5
4561,6.9
14315,9.7
5746,4.9
7076,17.7
8545,21.5
12985,5.5
3042,6.1
14182,12.1
1322,6.9
8950,4.0
7300,8.5
405,7.5
13352,4.5
8266,5.5
8234,21.3
11552,26.5
9561,4.9
14034,7.5
11105,7.3
4027,14.1
9714,6.1
10209,4.1
10019,45.0
4239,10.9
12656,20.5
14514,5.3
11125,4.5
14167,5.3
7578,10.0
15822,5.7
14970,5.7
14266,8.0
1898,21.3
5371,9.0
13171,10.9
10420,11.7
352,8.1
7162,5.5
10796,4.5
745,8.5
1937,14.0
1756,8.9
13206,11.5
11562,6.5
1501,14.5
10938,11.5
3309,17.3
15132,13.0
13715,4.5
4866,14.5
12594,7.0
13867,10.0
16038,5.7
6135,15.3
7055,6.1
9792,9.0
12868,9.3
9451,10.0
1478,5.0
15377,11.7
13450,4.1
13623,3.3
8223,5.5
2922,6.5
12331,43.0
10442,6.5
5536,21.5
3787,37.54
11026,7.0
11576,8.1
10296,6.9
3057,5.3
13207,4.1
15521,7.3
9371,6.5
8041,7.7
1388,40.83
13805,11.5
16008,14.1
434,8.9
11500,5.7
9834,11.5
354,4.5
7048,5.7
1798,8.5
3854,6.5
5997,11.5
14780,5.3
680,5.0
9042,6.1
11002,7.3
3181,4.5
5404,10.9
11167,19.5
13397,5.0
9194,22.0
14878,5.0
12963,5.0
4724,11.7
5012,4.5
4644,6.9
10218,8.0
13487,6.0
6198,4.6
11515,6.5
10374,24.5
13726,15.0
1879,46.0
12968,8.5
5629,35.5
421,5.3
9090,5.7
6284,12.1
3767,3.3
3300,40.27
4204,6.0
14487,4.9
15491,9.7
1909,8.1
13051,5.3
1593,11.3
12944,25.0
7177,5.7
7217,8.0
2070,4.1
9886,8.1
7933,3.5
7623,23.0
9626,11.7
11376,5.3
5826,17.5
109,9.5
13771,14.1
2353,4.5
6107,8.5
12650,17.3
11172,8.9
3356,10.5
13605,13.0
15481,5.3
3002,6.1
15114,13.5
2031,12.9
7074,8.1
8856,4.9
2178,16.5
13156,10.1
2892,20.5
11445,6.9
13915,10.5
6633,10.1
2808,12.9
4226,5.0
12809,26.5
9363,12.1
6353,9.3
11220,12.0
14257,21.5
5000,11.0
12799,10.9
7652,29.0
13409,6.9
2771,5.5
1263,5.7
3222,5.3
9588,4.5
1652,7.3
15035,23.7
7939,5.5
15403,7.0
7981,27.3
13079,28.0
6973,8.5
2902,6.9
12069,6.1
8091,5.3
11777,9.0
7584,6.1
13360,22.5
3701,8.5
12536,9.0
2779,7.3
9627,5.5
9630,15.5
11134,11.7
674,14.9
10869,4.1
6953,8.9
11109,10.5
6659,7.7
9937,10.5
11821,32.0
6786,6.5
12751,10.5
6558,11.3
4805,4.5
13740,39.3
10953,17.3
2866,6.5
14280,10.5
6199,44.83
6600,11.5
3671,32.67
10199,8.0
4997,7.5
6989,16.5
8556,6.5
6102,30.1
12344,12.0
11819,6.5
3104,6.5
7154,36.1
7069,7.3
1447,5.5
6144,13.7
8727,13.3
4456,10.5
9405,6.5
7321,7.3
3149,25.0
13117,7.7
2820,17.7
5423,8.1
8920,9.5
10322,8.0
15808,23.7
9967,36.1
7798,7.5
5347,8.5
1228,4.9
14955,34.9
2497,10.1
13990,15.5
11235,9.7
2584,15.7
12443,11.5
11114,9.0
10890,10.5
4147,15.7
10737,4.5
9953,7.3
5973,13.7
2086,5.7
12904,11.3
6405,7.7
9813,7.3
14679,6.5
14998,6.0
6476,33.29
2550,17.5
8040,6.5
15947,16.9
8591,4.9
7235,10.9
3169,5.0
9184,39.0
4068,9.7
15001,7.3
2367,15.0
13540,4.5
5583,3.3
955,9.5
2682,6.0
10315,5.5
15922,11.3
15469,20.1
2001,4.9
15711,6.5
1543,10.5
4841,6.5
3346,6.5
12354,23.7
12144,4.1
7769,39.44
2365,6.5
4524,6.5
3249,4.5
13226,4.9
10113,7.7
4755,13.3
5878,11.5
10024,9.3
15561,7.0
3678,12.0
7210,4.0
3781,11.7
5290,19.0
9739,40.04
10254,6.9
9952,12.1
5907,8.0
10397,10.1
312,3.7
12211,5.3
3432,8.5
7236,4.9
8954,4.5
11638,8.1
2289,10.5
5830,7.7
7397,4.9
589,45.0
5167,4.9
7963,10.1
3698,12.5
5075,9.3
4650,8.5
281,7.7
15052,5.7
14153,14.5
5435,4.5
4148,7.0
4520,8.5
5669,5.3
7174,23.0
12172,14.1
6111,8.5
9037,6.0
13248,13.7
15555,8.0
11133,20.5
11809,9.3
3797,12.6
10821,7.7
10549,18.1
12424,10.1
1445,39.7
5024,7.0
8119,20.1
4333,9.0
13253,7.0
6463,12.9
14290,10.5
15500,6.9
7699,22.0
6715,7.3
6922,8.5
1308,3.3
4989,9.7
8087,6.1
3676,7.3
12521,6.1
6460,5.0
2729,4.0
15713,11.5
15425,8.5
10146,4.9
2665,8.5
13278,8.5
15066,5.0
12805,6.1
277,8.9
5503,3.5
4429,5.5
7303,11.5
8831,6.1
5711,12.9
7050,7.7
14125,8.0
15042,12.9
15324,8.5
4052,6.5
6501,10.9
131,16.5
6186,5.3
4939,28.0
15925,6.5
11449,7.7
11954,8.1
809,49.8
6581,7.0
3863,6.5
9586,13.3
7702,6.1
15201,6.1
10560,10.5
2611,21.3
655,10.5
8650,7.5
14861,3.3
6014,16.1
8924,23.7
14187,14.9
469,8.1
8541,7.3
4632,10.0
6408,7.3
14638,17.0
30,5.5
13938,12.5
2716,21.5
1715,15.5
15945,19.3
13724,6.1
5822,7.7
14702,6.9
11891,12.1
7087,8.5
5743,11.0
7820,6.0
6586,12.5
3280,6.0
9876,6.5
7916,6.5
12719,16.1
10621,5.0
7403,5.0
3345,5.3
1318,8.9
10668,7.5
5359,6.5
14006,11.0
9284,5.7
5466,6.5
14962,4.0
3395,14.1
5197,7.7
5085,9.7
3030,17.0
1788,19.5
9272,16.9
12152,6.5
12106,7.3
3763,45.0
1029,8.5
267,16.9
5255,6.5
7619,21.7
875,3.3
14305,8.0
12687,4.5
12575,4.9
5467,21.0
1401,31.83
1915,11.0
2938,27.0
5496,7.3
13739,6.0
675,16.1
6304,6.5
3580,10.5
11587,9.5
5611,11.0
7505,11.4
2648,19.5
6245,6.5
5946,36.33
11916,5.0
8625,11.5
11855,4.1
3749,4.5
1646,6.0
15598,4.5
3756,5.0
13532,9.3
9191,5.3
11909,11.5
15441,9.5
1687,16.0
8339,4.1
14032,12.5
8376,8.5
12928,6.1
3298,4.5
10859,9.0
12274,8.0
3659,8.1
251,16.1
12778,14.5
9710,10.1
7139,11.0
10493,17.7
11255,15.5
8550,6.0
13800,15.7
3470,10.5
512,10.1
9459,11.0
3511,4.1
7417,25.7
4358,18.0
8804,10.5
10671,6.1
7038,6.5
757,8.1
8726,12.1
8171,5.7
11533,22.9
3347,6.5
13859,10.0
10126,17.5
3080,6.5
12543,17.0
11690,16.9
4167,12.5
10294,6.9
5753,5.0
3818,9.3
9920,27.5
1811,9.7
10588,6.9
16058,5.5
4999,13.3
8870,12.5
2966,8.0
1315,7.0
3348,6.0
16061,10.9
205,5.7
3445,6.5
5892,5.7
9560,10.0
6624,4.9
13184,18.1
9847,6.5
1370,6.5
2654,4.1
1194,33.0
1108,10.1
15564,8.9
15661,8.5
873,6.9
10539,28.9
15493,8.0
9315,14.5
14029,4.9
11816,5.4
14118,9.5
9686,13.0
7186,17.0
1625,14.0
7388,6.5
930,13.5
3155,8.9
7876,10.1
7871,16.5
15099,25.0
5175,9.0
15034,14.9
4229,25.7
11377,12.1
78,7.0
1669,7.7
14939,5.7
8469,4.9
14904,9.0
5720,7.0
7067,6.9
11788,48.9
2433,23.5
12366,6.5
7477,18.1
12987,6.1
15506,6.0
15762,9.7
12815,7.3
14978,17.5
5754,11.8
13570,10.0
10096,7.0
1133,6.9
8357,6.5
4402,6.1
3919,14.0
12273,5.7
5409,6.1
13014,5.5
7859,12.0
9412,13.3
15927,7.0
13432,5.7
5764,13.3
5432,5.0
1734,16.9
14805,12.0
4257,15.0
13362,4.9
8507,4.1
10145,7.7
15400,26.9
15104,8.0
12828,13.0
1609,5.5
6093,6.1
284,4.9
8086,4.5
7090,5.7
3772,6.5
1283,5.7
3004,11.7
1707,21.5
5034,12.1
676,5.5
12702,8.1
14858,6.9
244,5.5
5958,25.85
1676,14.1
989,10.5
10516,4.1
11143,8.0
13476,6.9
9075,3.3
3296,16.0
11059,11.5
6323,13.3
13002,4.5
7441,5.7
5119,30.27
11250,11.3
13767,14.9
5615,9.3
10521,20.0
9165,5.0
14501,9.5
2123,14.1
76,7.7
13924,16.5
1735,13.3
14727,11.0
11074,32.33
6876,9.5
13092,16.5
8914,8.5
13490,8.5
9745,19.3
6187,24.0
14584,14.0
2191,39.33
8046,9.0
1942,9.3
8778,3.7
9125,8.5
8398,6.0
6037,6.0
5225,8.5
1407,6.0
7489,10.1
7242,25.5
7597,14.5
937,6.7
13575,7.3
5801,6.9
8936,4.1
4351,7.7
9394,13.5
2634,3.7
13671,7.5
9360,12.0
3958,5.0
2798,4.5
3295,10.5
3644,6.1
11299,9.5
5567,13.7
10004,8.5
6622,3.7
5738,33.7
14724,5.5
11083,5.3
9302,10.1
9295,7.5
14627,3.7
6314,5.5
27,4.5
2338,31.8
9496,10.9
5411,9.0
8186,22.5
6219,11.5
12817,18.5
3477,16.9
5215,13.3
5479,6.1
2368,15.3
6828,17.5
11642,4.5
10399,19.5
9366,13.0
15650,10.5
9670,5.3
10545,21.0
15248,4.1
3554,9.0
530,8.9
15968,12.9
4979,10.5
3179,8.5
4102,4.9
2314,17.0
5528,6.5
5690,12.9
556,7.0
6143,29.0
1183,13.3
6754,22.5
6127,10.5
9357,8.5
15938,6.1
6977,6.5
6225,16.1
10035,5.0
11719,7.0
3068,16.5
8276,18.5
10462,13.3
15213,3.7
5534,7.0
5539,15.5
5969,4.9
7877,6.5
2270,29.83
3824,4.0
1749,6.0
16063,16.1
14022,5.0
2664,7.0
5955,3.5
7919,5.7
13964,5.5
8997,25.5
3816,4.1
4504,5.3
1682,7.5
2955,14.0
11880,17.0
1653,18.9
5921,8.9
7661,5.5
4942,5.3
2128,12.5
11435,13.5
9051,8.0
2651,7.3
973,6.0
2212,8.1
9488,7.3
5609,9.0
4705,10.5
10130,8.5
13412,4.0
10216,18.5
5235,20.0
9892,7.0
9145,6.5
14040,12.0
7834,14.0
563,11.0
13398,30.67
14236,18.9
8519,9.5
15823,10.1
3596,10.9
4290,9.3
13863,8.0
11155,13.3
1338,5.5
8771,5.3
14371,13.3
10866,3.5
7553,6.9
8349,10.0
11177,8.5
14449,14.5
8231,8.5
7449,4.9
12926,9.7
11510,8.1
2036,17.5
2711,5.7
2745,7.0
13963,11.0
6998,18.9
1508,4.9
10894,8.9
12001,6.1
10289,7.3
10029,6.0
4868,11.7
2466,16.1
15936,6.1
2246,8.9
9158,25.7
1241,5.3
11145,38.5
15761,12.9
11000,8.9
15087,7.3
535,8.0
3201,8.5
12733,17.5
11590,9.0
12418,8.1
5660,8.0
12491,11.5
4205,8.9
12796,17.5
578,3.7
15384,10.5
15362,23.0
7142,8.5
6295,13.7
14273,5.3
12745,6.5
8143,13.5
14031,5.5
12129,7.5
7244,6.5
13276,4.9
684,16.5
10205,8.0
15118,8.1
10580,16.9
13869,18.5
5476,12.5
976,17.3
11170,5.5
5793,7.0
12087,6.1
5336,6.9
1448,8.1
4236,4.5
13116,9.0
9418,8.9
2259,7.0
1656,5.7
3312,4.1
4,5.3
4115,5.3
15883,25.5
13517,10.5
2494,7.3
6514,28.1
4357,16.1
15522,13.0
2567,25.3
15363,9.5
10122,13.0
10073,8.9
12897,15.5
13489,6.1
2253,10.5
5367,4.1
5865,4.0
2427,4.9
1913,6.5
10290,9.5
11465,6.9
7932,6.0
3177,17.7
247,18.0
12601,18.0
5787,7.7
12775,10.5
7140,20.1
11783,4.9
2305,6.5
1301,9.0
13795,27.0
7040,21.0
12494,5.3
1266,5.3
11718,10.0
6414,9.0
3302,21.0
11265,17.3
6454,5.3
11195,12.0
459,24.0
9100,10.5
12645,6.1
11897,6.0
13584,5.5
6140,13.5
5570,7.0
8688,4.5
10997,4.5
812,31.83
6902,8.9
12696,8.5
1862,9.0
14219,8.5
3638,13.5
13647,8.0
15651,13.3
15836,4.0
8693,6.1
4000,5.7
13895,35.83
8496,16.2
13441,10.1
14368,18.1
2858,10.1
9566,12.5
14719,10.5
8703,6.0
15126,12.9
4510,6.9
10634,10.1
4291,45.0
11110,21.5
13262,6.1
7576,37.33
2167,8.9
13344,5.7
28,9.3
9210,21.7
13955,7.7
9297,5.0
10251,10.0
9760,24.5
6860,27.7
10314,6.1
6138,8.5
4045,8.5
8285,13.3
5143,12.5
14855,3.3
647,15.5
8260,4.5
3700,11.5
13836,6.9
10501,8.5
13826,8.5
14281,8.5
2509,16.0
8885,23.3
3575,8.9
2817,12.9
10176,12.5
2871,5.5
2453,5.3
5361,7.3
1307,8.5
2987,6.9
4838,6.0
8987,18.5
8633,6.0
14230,20.0
8219,12.1
614,14.1
3086,15.5
6890,5.3
14075,8.9
8399,10.5
9205,12.0
14136,7.3
12030,5.7
12468,5.0
292,8.1
10046,5.7
11680,7.5
777,4.1
8845,6.0
7599,35.47
12385,3.7
2182,28.0
5314,19.0
14014,5.3
7540,4.9
11611,7.7
12554,15.5
2428,23.0
10587,6.5
1074,5.0
1017,7.5
837,5.5
4094,6.1
9793,4.5
14471,9.3
4812,6.5
15704,10.5
7072,8.5
9094,7.3
6165,4.1
9945,5.3
15512,7.5
15885,13.0
15128,40.8
2935,16.1
7736,7.3
7815,10.1
7276,28.0
5220,3.3
3070,10.0
1104,16.5
10287,30.5
14240,24.0
5967,4.9
3371,7.7
204,42.5
4899,14.5
1713,12.0
4422,7.0
15873,6.9
1371,10.5
12113,5.7
13063,11.0
9563,8.1
3815,6.0
14572,11.3
2982,8.5
9446,10.9
13149,15.0
11460,6.5
12103,41.33
15792,9.7
8295,16.0
7358,10.1
8697,6.5
1328,10.5
3342,12.0
7753,14.1
9772,6.1
8800,8.9
6955,6.9
9235,18.0
6595,4.5
10852,4.1
11851,8.5
7865,7.3
10884,20.1
4213,32.33
13629,7.7
1267,7.3
6168,9.3
13228,10.1
6008,13.0
9408,6.5
6768,8.5
3745,4.0
1936,12.5
9324,4.1
4088,7.7
9709,8.1
586,10.5
1802,36.33
9803,7.0
12227,4.9
14817,16.5
14656,14.5
7618,7.0
9239,6.5
13391,4.5
9653,11.0
3100,16.9
14521,5.3
10053,6.1
7574,5.5
14580,5.5
14350,9.5
10063,5.3
14128,8.9
8317,14.5
7203,5.5
14609,10.5
5376,4.1
10789,15.5
424,8.5
8570,25.7
10832,15.5
12826,6.5
7637,7.7
7870,4.1
13685,7.5
3209,11.3
4605,31.7
5035,5.0
11608,4.1
1703,12.5
692,9.5
1118,5.5
3506,4.1
687,9.0
8154,5.3
2288,7.3
10780,20.5
4017,5.3
5596,4.0
11827,16.5
13635,28.1
10418,5.5
15408,5.3
202,12.9
5657,6.5
2872,10.1
6282,9.7
7429,9.0
4751,6.9
3145,8.5
1610,9.5
1972,12.5
5306,7.0
1061,8.9
4056,10.0
11012,4.0
1842,23.5
8290,35.3
12231,7.0
3026,5.7
8113,8.5
7760,6.5
13695,3.7
4996,4.9
1803,16.0
1485,5.7
12309,10.1
9111,6.5
13465,4.5
12025,11.5
11323,16.5
15386,4.1
7588,9.3
1496,6.9
9662,17.3
14723,10.9
648,14.0
7071,3.3
6830,11.7
4110,18.1
14698,13.0
12105,3.3
7581,4.5
11295,11.5
14336,7.7
3658,12.9
4050,10.5
1248,4.5
8450,5.7
12486,12.5
13753,8.5
10196,16.9
1240,5.7
13200,11.0
1727,5.7
1998,8.9
10001,8.5
8459,8.0
1698,9.3
8852,11.5
952,13.3
6490,12.9
13290,6.9
466,8.1
4969,5.5
11456,22.5
3119,4.0
3921,18.9
15828,8.0
10986,4.9
2101,18.5
6731,8.9
3325,45.0
1246,4.1
3845,4.6
1021,9.0
5107,7.5
8073,11.0
15748,9.3
16042,8.5
4817,4.5
11262,3.7
5266,10.1
10553,6.9
5855,12.5
15405,5.7
3899,3.5
11963,11.3
4975,5.7
14718,34.83
10365,4.9
12785,8.1
15085,9.7
6764,7.5
2907,12.1
6638,7.0
5032,3.7
1092,5.0
9113,6.9
9370,5.3
15364,12.0
15440,7.7
13349,9.3
7013,12.9
7337,4.5
310,8.0
9763,16.0
15733,11.3
7682,10.5
6232,7.5
1765,8.0
10281,7.0
3542,4.0
3455,14.5
6923,11.5
5788,7.3
13935,12.5
14694,12.9
14466,10.9
15698,6.9
7351,13.0
11978,15.3
11658,6.0
13470,4.9
4668,21.5
6174,4.1
12666,44.8
6644,8.9
7368,42.0
6839,7.5
4095,10.1
5932,21.5
5104,4.1
13284,11.0
11984,19.33
14842,4.5
4219,21.5
9423,11.3
3864,4.0
15974,7.3
2321,14.5
6229,6.5
10202,5.3
10706,5.7
6131,7.5
8517,4.9
2995,3.8
10618,4.9
5257,5.7
12626,7.7
10042,4.5
15701,3.7
5304,3.5
2663,11.0
12822,11.7
12371,6.5
403,9.0
5446,11.0
10348,7.7
3538,11.0
13596,8.1
8958,28.5
7306,10.9
5516,6.5
6341,5.3
11707,4.9
13905,5.3
3143,4.5
7571,11.7
476,10.0
1408,4.1
6223,14.5
5529,10.1
10276,20.0
2294,11.7
1158,5.0
8324,5.3
3138,16.0
11214,3.7
15537,17.7
5815,9.7
14757,7.0
5937,11.5
1523,10.9
13305,8.5
15396,5.3
5472,8.9
8837,18.9
13686,5.7
12489,49.8
9810,3.5
1919,3.3
2000,17.7
13106,5.5
3317,6.5
14711,7.7
1235,7.7
3144,6.9
12362,8.1
10360,6.1
5315,11.5
5606,10.5
10843,13.0
8177,11.5
1505,13.0
7224,4.1
111,10.0
4747,17.7
9968,5.7
5638,36.0
15997,11.0
12194,10.1
8683,9.5
2419,10.5
11229,12.9
2552,8.1
3202,8.9
15754,12.5
9646,4.5
13871,5.0
637,6.9
15255,5.5
12406,15.3
15008,4.9
13366,4.1
12095,4.5
399,25.7
3703,22.9
6711,6.5
11005,11.5
8311,3.7
7793,29.3
2082,7.7
10061,20.1
14035,8.5
629,4.0
4444,11.7
4043,8.1
14924,31.3
7836,7.3
2506,7.5
2732,10.1
13918,7.3
14223,34.5
3205,4.9
13634,4.1
10495,7.0
1529,7.0
15002,7.5
14834,13.5
3888,6.5
6564,4.5
12592,9.0
1718,7.7
7347,5.5
8057,4.9
5908,9.5
6260,11.5
8308,16.5
2792,12.1
6001,5.7
10702,10.5
14264,10.1
3881,5.3
12668,10.1
3045,12.5
15242,5.7
2605,8.9
11673,5.5
14683,10.0
8355,5.7
12473,6.5
14839,3.7
9611,7.0
5500,12.9
1970,13.0
13970,8.9
9993,6.5
11786,3.3
4235,5.5
6618,5.7
2561,10.0
14,7.7
7632,4.5
4971,16.5
7229,5.3
7644,8.5
1952,6.1
6851,6.5
5740,8.9
6742,6.1
12893,8.5
8530,4.1
7778,6.9
9571,10.5
12263,9.5
2803,8.1
9344,7.5
13484,5.5
2565,7.5
4968,10.9
8009,10.5
11751,3.7
3236,8.0
3527,6.1
11898,9.3
15106,4.9
1787,4.5
8883,8.5
2927,5.7
11343,9.7
6469,3.3
6390,4.5
462,8.5
5789,12.5
8133,6.1
832,25.45
11318,17.3
7573,5.5
5182,12.1
4901,8.9
15932,19.3
1957,9.7
9490,5.5
1477,29.5
12415,5.0
4591,8.5
6380,10.5
4435,4.9
13944,12.0
4368,4.5
6210,14.9
9074,12.0
7272,6.9
9453,6.0
605,5.3
7776,6.5
15775,14.0
4159,5.7
6074,6.0
5144,6.1
15299,6.9
3702,6.9
15143,8.1
11555,7.7
10658,6.1
9746,10.1
9327,8.5
16021,15.0
8432,12.1
7243,4.5
5356,4.9
4343,14.9
12679,4.0
10652,32.5
12793,8.5
1588,5.0
4440,11.0
14803,4.5
101,5.7
16052,10.0
10286,16.0
12008,11.0
9222,6.1
10011,19.5
7028,6.9
5622,8.5
12902,8.0
9537,13.5
7446,6.0
8678,13.7
9289,6.0
9909,7.0
15187,7.0
11274,11.0
10716,24.5
12829,6.5
2435,12.5
12783,23.0
9842,37.53
13833,5.0
404,22.5
11183,9.5
14870,9.3
3975,5.3
8141,26.5
8588,4.9
1275,4.9
4616,9.0
15139,4.5
122,10.5
3330,6.5
6213,5.3
7372,5.5
8853,9.7
9738,14.0
6506,22.83
13147,19.0
12285,21.5
5773,16.1
1305,12.9
6122,6.0
11238,18.0
6044,16.9
10571,11.3
3828,7.7
897,10.9
834,9.0
8161,6.5
3328,11.7
6411,13.7
11168,10.0
8793,45.0
10735,4.9
11568,8.5
4475,5.0
1992,9.7
6949,5.3
11404,6.9
12182,27.0
5296,4.9
8791,7.7
5120,31.47
1181,25.0
2715,6.0
15582,11.7
16049,15.7
1311,10.5
2060,10.0
13862,5.0
7285,5.3
7364,13.3
14946,12.0
10104,4.1
12317,12.0
2905,9.3
9605,20.9
479,8.0
1692,17.7
5386,19.0
10238,6.0
2141,18.5
4775,16.9
11607,6.5
7010,13.7
2085,14.9
12766,5.5
693,4.1
14806,11.0
2959,4.5
2099,6.5
3743,6.5
1059,4.5
12289,6.1
2436,9.0
13315,5.3
1717,18.35
14738,6.5
12662,16.5
15010,6.5
11344,14.1
11862,7.0
1008,9.3
11772,4.5
7914,14.1
5543,39.83
10591,12.9
14986,24.9
1876,6.1
990,9.0
3736,11.5
4002,6.1
8230,8.0
4719,10.0
14149,8.5
1190,14.0
4945,6.9
12308,8.5
11725,8.9
13887,4.5
9477,10.5
11613,12.9
8900,9.5
14017,8.1
1620,6.5
9248,8.9
12997,3.3
11871,5.3
10880,15.7
14450,8.0
11444,15.3
8817,4.1
13271,8.5
8825,19.0
12262,8.5
12462,12.5
13911,6.5
672,8.5
12682,17.5
15790,8.0
12009,6.9
9461,6.5
14887,6.1
3934,4.9
13201,7.5
7954,9.3
5943,4.9
11527,4.9
15376,8.9
7,16.5
4823,25.5
1013,9.3
1951,5.7
1169,6.5
5633,14.9
2826,12.9
13162,6.5
7035,12.0
15680,7.0
15886,9.5
11372,19.0
15728,16.0
14401,12.5
847,15.3
15219,10.1
8965,8.0
2234,16.5
13494,6.1
7796,8.5
3456,4.1
15090,5.3
15059,5.5
15121,4.5
1002,6.5
1150,6.0
4867,28.5
6616,10.5
13613,6.0
8407,6.1
5,12.1
6535,7.0
12568,13.0
1880,5.3
14544,9.0
7857,18.5
2797,19.3
10933,4.0
15785,6.0
4826,4.0
10978,7.3
3910,10.9
11331,5.5
1178,8.1
2539,13.3
14210,8.5
7136,3.7
9917,17.7
2600,18.5
5485,6.0
1516,6.9
14989,18.9
7958,9.5
2150,14.0
11753,7.7
2176,28.1
11309,12.9
13093,5.5
9837,16.5
6530,6.1
2833,5.0
15714,15.5
15916,10.1
4670,5.5
8059,4.9
5655,6.0
7754,9.3
13873,6.5
7554,30.0
8525,3.7
10371,9.5
12843,5.3
11438,6.5
8481,5.0
14397,10.1
13141,7.7
8384,9.5
9975,11.5
15659,15.7
5573,3.3
12481,11.7
7775,5.5
12587,6.9
10194,5.0
10357,14.1
705,6.5
8395,5.0
2080,6.0
12801,7.5
11815,28.5
11594,6.9
4066,8.5
84,8.0
128,7.3
7185,24.0
8455,12.5
9382,6.9
13135,4.9
10934,6.5
15720,8.9
1834,9.3
77,24.9
9304,5.5
4024,12.0
2355,8.1
15494,8.1
3780,20.5
10018,22.1
1281,12.5
11132,6.5
13350,4.9
13541,6.1
9383,6.5
9700,17.0
9672,5.7
13654,26.67
3692,20.5
979,23.5
9294,27.5
3809,21.0
8287,26.9
763,10.0
15706,14.1
3882,18.0
545,16.5
1793,4.1
11790,10.0
1027,4.0
11644,12.0
4267,15.0
15907,15.0
6293,11.0
13473,12.9
5597,8.1
3118,7.5
10131,7.5
4910,6.5
8300,4.1
1341,7.5
12134,11.3
11911,4.5
14996,9.7
2782,6.5
3468,8.5
668,9.5
9261,10.5
3190,32.05
11063,19.5
7959,13.3
12094,5.3
11065,12.9
13377,7.7
14341,4.5
7928,6.1
1035,10.5
7821,4.0
5217,18.5
13824,8.9
2213,18.0
9829,10.1
2531,7.0
11209,8.5
15804,4.9
7453,9.0
3051,5.8
4880,29.0
3616,4.0
12833,6.9
8471,25.3
5064,10.1
15798,14.9
13339,11.3
13069,4.5
8509,22.5
1452,6.5
15026,4.9
52,8.0
8277,6.0
3675,7.3
4502,10.9
1917,8.9
5213,6.1
6207,44.83
12715,9.0
10076,4.5
11320,5.7
12966,9.7
7678,6.9
14799,6.0
1057,9.5
1506,12.0
12569,18.9
3868,5.5
13673,31.7
3301,18.5
7594,6.1
172,5.7
5671,4.5
643,3.3
3994,11.7
8159,15.7
516,7.7
15852,13.7
904,6.0
15505,11.0
14384,7.0
1911,5.5
6393,11.3
11275,11.7
14420,8.0
5563,10.9
2678,5.5
7042,6.0
15273,10.5
3670,11.3
15608,9.0
3366,5.3
3398,15.7
6858,6.5
2943,11.5
11081,9.0
14715,9.5
12043,12.1
10065,12.9
6689,5.7
4464,7.3
5999,5.7
5954,8.1
6641,13.0
1098,8.5
5061,4.0
3461,4.5
14437,6.5
11480,14.9
12504,5.3
5758,10.5
5637,5.5
7093,6.0
11899,11.3
10255,8.1
13734,6.1
9133,6.5
3723,8.0
2479,9.5
3438,9.0
1120,12.5
7241,17.3
10645,25.05
11371,3.3
2468,11.3
2621,7.5
7621,10.5
9079,8.9
4936,15.5
7808,9.7
4109,20.0
14084,5.3
14395,10.9
14293,7.3
9413,13.0
1848,8.1
12931,5.5
1837,4.5
11878,8.5
5762,5.5
4532,5.7
1517,14.5
3852,4.9
2635,29.7
6685,5.7
6931,16.0
4494,7.3
13319,24.5
6812,15.5
6273,19.0
7658,15.7
945,6.1
10302,11.5
9924,10.0
4782,4.5
5366,6.5
9233,12.0
5374,6.1
9903,6.5
7462,6.5
5196,26.5
6842,8.9
6856,5.7
9783,6.9
3774,5.0
7065,12.5
1171,5.7
1654,5.3
12990,10.0
10382,13.0
11382,39.5
8792,5.0
2679,8.1
13197,4.5
13005,7.3
5263,10.1
1492,12.5
14796,3.5
1244,27.1
2500,6.9
14673,10.5
4469,9.5
8947,10.9
239,6.7
2065,6.5
7811,6.0
11797,23.3
12890,8.1
16000,11.3
12464,26.1
1060,14.9
11679,15.7
15457,4.5
10128,10.9
5138,8.0
10079,6.5
8621,5.5
8893,38.33
8600,8.1
880,11.7
4313,5.3
14733,6.1
11419,16.9
38,9.0
2226,6.0
6109,6.1
5559,4.1
15874,6.1
11161,32.27
11715,8.0
11363,6.9
13504,6.5
9915,22.5
5763,8.1
2577,16.5
5440,13.3
3429,5.5
15154,7.7
1546,9.7
10905,4.5
7057,8.1
502,14.5
12099,5.7
7517,6.1
4162,12.1
5415,6.5
7386,4.5
10378,3.7
12444,6.5
12880,7.7
10952,9.3
3270,4.1
6640,38.3
5506,8.5
3452,3.7
10285,6.9
12617,10.5
5360,8.5
901,6.0
4602,9.0
15689,5.3
10662,7.7
1323,8.1
523,4.5
8490,12.1
796,15.7
4843,5.5
13746,5.3
8928,6.1
3185,10.5
7284,22.1
2390,24.1
14881,24.9
5149,7.5
6674,6.5
4896,11.3
3142,6.5
194,27.0
3838,6.5
12545,5.5
721,9.7
6719,13.3
514,5.3
12693,10.5
3203,4.0
13883,3.3
1729,6.5
950,12.5
8770,6.9
1210,6.0
7818,8.0
7670,4.9
2,5.7
6841,4.9
8732,3.7
14313,9.3
10750,21.5
6701,19.0
2957,10.5
2375,14.1
2595,4.9
5186,5.0
10874,4.9
5560,8.1
11306,9.3
7674,5.0
1349,24.0
8389,4.9
3122,11.5
3710,8.0
4642,8.5
10924,14.5
7232,16.5
6104,26.67
12633,10.0
14832,5.7
3662,8.5
11676,10.5
9580,12.5
13980,5.5
8597,8.5
9800,7.0
10040,9.7
12762,18.0
8453,15.7
13569,8.0
1179,4.9
8533,8.1
3674,27.47
7491,9.5
14614,8.5
12132,24.5
7399,39.5
951,4.5
786,4.9
11232,10.5
11796,9.7
7917,13.5
2089,27.0
67,16.5
5059,7.3
232,49.57
8082,13.7
6901,9.3
14866,10.0
13430,5.5
9931,5.3
14537,12.0
1201,6.1
12125,12.9
9318,9.5
15450,4.5
4618,6.9
15973,49.57
10631,8.1
7127,4.5
6634,10.5
8912,10.5
10082,6.9
6801,10.5
9539,14.9
987,5.7
928,49.8
10469,6.9
2861,7.7
1770,6.5
3582,13.5
9395,9.0
13428,4.0
2767,4.5
6290,15.5
8876,36.5
2508,4.5
8859,3.7
11351,10.0
2240,4.9
12609,16.5
1119,13.3
14736,3.7
11412,12.5
15891,16.5
13130,26.5
12265,7.0
13847,14.0
9989,5.7
5844,13.0
3239,6.5
8233,10.5
2275,11.3
3146,21.7
9771,7.3
12313,5.0
12838,5.0
8959,6.0
1699,8.1
15772,8.0
8429,5.5
1114,5.0
1925,4.5
814,4.5
3822,25.3
10338,3.3
12377,8.0
12226,19.7
14510,8.0
6505,25.0
9777,4.5
3559,11.3
15015,6.5
4946,12.9
9176,5.7
11766,17.3
2046,17.0
4079,8.5
8855,7.5
4521,6.9
11352,5.7
10552,11.5
14007,10.1
5731,6.0
8832,8.5
8892,12.0
3044,10.5
6428,10.0
12956,8.0
8957,10.1
6404,7.3
15100,23.3
4222,4.9
25,7.3
14163,14.5
13007,14.0
12153,6.0
11413,7.0
3387,11.7
15312,8.5
1488,8.1
4990,7.3
3038,4.9
4296,4.5
13098,11.7
15656,8.5
4355,4.1
11915,6.0
3550,11.3
15976,14.9
7899,9.0
7906,12.5
2886,7.7
5216,7.5
13448,8.5
9812,5.7
5473,4.1
9949,11.0
7263,12.1
3792,6.5
10903,6.0
5137,19.0
5906,6.0
8131,5.0
1689,7.7
8759,21.7
12071,9.7
8536,17.0
6906,4.9
768,6.5
13325,11.5
5545,4.5
12510,6.1
5883,5.0
13208,6.1
14421,5.7
13327,7.3
11997,9.3
11091,13.3
13245,7.0
9358,4.1
14932,18.1
9901,10.1
8619,12.1
4551,9.5
4590,6.0
11100,6.5
12871,15.0
12978,17.0
2111,8.9
9401,5.7
3123,10.5
495,6.9
11291,4.0
7187,12.0
12586,8.0
13150,9.5
6300,6.5
6306,11.7
11353,11.5
11792,7.4
15421,6.0
10028,6.5
13625,6.5
13419,16.5
14502,11.7
5859,6.0
8003,9.3
520,8.1
2581,30.9
3688,5.0
5099,10.9
2583,9.0
12891,13.3
13561,7.7
939,5.5
10407,11.0
11875,7.3
7052,5.5
3322,5.0
10350,14.9
8053,10.0
6751,30.5
14113,4.5
5412,15.5
13609,4.9
14909,6.1
1755,4.5
3762,5.7
8402,4.1
11135,8.0
1968,15.7
2203,10.5
3950,9.0
13192,5.3
14211,11.0
7987,5.0
8284,12.1
729,8.9
9962,5.0
1375,10.5
13562,3.7
9288,15.0
8716,10.1
10098,12.5
8391,45.0
1154,10.5
13975,7.7
15108,11.5
9240,6.9
8809,7.7
14074,40.33
259,6.0
5851,4.9
14798,8.5
12823,7.5
9321,34.0
1702,5.7
15774,10.5
5309,10.0
15063,8.9
11847,11.7
15849,9.5
13920,33.0
13291,15.0
12210,3.7
10500,6.5
342,7.7
4739,11.7
5705,4.5
2693,8.5
13628,14.9
10032,16.5
3973,9.7
13769,5.3
13244,4.0
4105,4.0
3937,9.0
13946,15.5
4873,5.0
6413,8.5
13259,5.0
6547,10.9
3244,4.1
10863,8.5
2675,19.0
11620,21.3
14578,10.9
10070,14.1
3563,5.3
4821,10.5
2699,11.5
2687,8.1
13152,4.1
1416,13.0
11158,16.5
426,29.0
8304,5.0
9331,5.0
14390,32.27
163,15.3
1866,9.0
1117,14.1
14975,6.1
739,13.0
12837,5.7
10402,7.3
7978,5.5
8752,10.0
5579,5.3
6317,5.5
294,5.7
6892,15.5
7322,10.5
8802,5.7
1629,4.5
10774,6.5
4682,5.5
1223,6.1
11387,4.5
6266,19.0
15159,18.0
4683,8.5
11385,6.0
5966,4.0
2312,10.9
447,7.0
10329,8.1
12557,10.5
6598,14.9
6030,5.0
2302,3.5
7212,5.3
7634,8.0
7195,5.7
4800,5.5
7492,5.7
11840,8.5
15535,6.5
2441,16.9
9963,6.1
12023,12.5
11869,8.1
15669,11.0
11256,7.0
9482,7.0
7409,4.9
9997,12.0
12894,3.7
6020,10.5
13701,9.5
13439,18.1
8549,11.0
11431,5.0
636,5.3
13678,8.1
14550,7.5
6348,6.5
2393,6.1
3009,12.9
507,6.5
15392,5.5
11744,13.3
4237,11.7
5355,11.5
8995,11.7
12572,7.3
2056,5.3
8200,6.6
9767,13.3
5755,7.7
13195,4.0
13916,7.5
9183,12.0
8201,6.1
12628,4.5
15268,6.5
14929,20.5
7712,13.5
7485,10.0
12244,8.1
14684,11.0
13229,34.8
7557,8.1
4496,6.5
10649,21.5
5063,6.5
11801,26.0
3500,14.5
1085,8.1
15304,26.9
2889,16.5
12759,13.0
16006,7.7
12676,20.1
261,7.5
1752,7.0
1058,5.7
6747,8.0
13577,4.9
12714,6.5
1795,4.9
13372,21.7
8676,7.0
1710,18.1
15218,3.7
2298,13.5
6254,9.7
7112,8.9
11165,13.0
10472,10.0
5369,5.5
12999,6.9
4029,21.7
10503,5.7
14893,16.0
12695,6.1
3182,10.0
13803,21.3
4431,7.3
3471,46.33
15696,8.3
5778,19.5
6662,6.1
2909,10.0
3850,7.3
8765,8.5
12312,17.5
4736,31.0
15456,6.5
7521,3.7
6532,7.3
8238,11.7
15900,32.9
14310,6.5
4721,15.3
4681,11.0
14629,7.0
7387,14.9
9940,5.0
747,11.3
12307,11.3
2434,10.0
8094,10.5
6125,7.7
15972,4.5
5821,7.3
1343,15.0
13674,7.3
4928,12.5
12577,5.5
15083,9.0
3539,5.7
1394,8.1
8360,36.1
12534,9.5
1198,16.0
4195,8.5
10600,7.7
1396,4.9
8279,6.0
9724,12.9
5019,9.5
8961,14.9
7435,16.1
9867,9.0
6397,8.0
2942,5.0
7739,11.0
8842,4.5
8540,7.1
5623,21.5
13121,6.0
2233,8.1
10430,14.1
14928,26.0
11282,13.3
2534,16.0
10406,35.5
15445,12.5
10250,5.5
3059,8.9
5210,11.7
12016,10.5
9663,6.5
5222,8.0
3642,9.0
11383,9.7
7206,10.1
10345,6.5
5407,4.5
14533,6.5
9406,5.7
8896,7.3
3095,10.0
8972,24.0
4459,12.9
4401,6.5
1412,6.5
12848,5.3
7657,12.5
7925,3.5
15224,7.7
13958,9.0
2003,8.5
849,7.3
4904,11.0
3686,13.3
11693,9.0
2576,22.5
13483,7.7
5248,10.5
10590,8.1
6457,8.9
11432,8.9
12109,5.7
2816,17.0
4386,16.1
3557,8.0
2894,9.3
7802,11.0
6512,11.7
4124,6.9
15110,5.5
13852,4.9
11345,12.0
957,5.3
4829,9.3
4166,10.1
925,11.0
9883,5.5
11937,6.1
13296,23.5
9833,11.0
1145,4.1
10220,5.3
13234,10.5
14129,12.5
8532,25.0
2592,11.3
11423,8.0
11733,4.5
15613,18.0
6492,4.1
6369,10.0
11629,8.1
2691,7.5
7620,6.5
10946,12.5
15317,7.7
5103,8.1
654,3.5
1010,14.0
12767,8.9
8548,5.3
2286,15.0
5947,7.5
7039,6.5
13059,7.5
8256,5.3
13167,11.0
2690,11.3
1153,4.5
9494,8.1
5572,15.7
8970,8.5
10052,14.5
10235,8.5
4831,4.9
10950,4.1
9226,11.3
4394,5.0
6679,7.7
1405,18.9
15745,6.0
5925,10.1
5887,6.1
197,15.7
7045,7.7
10624,4.0
351,11.3
11888,17.5
5300,6.1
15699,3.3
11758,6.0
594,8.0
10301,7.0
14412,18.1
13269,19.5
11406,8.0
7311,4.9
8581,5.0
10773,5.7
2622,6.0
11526,13.0
2915,9.3
7324,3.5
3857,24.27
10935,6.1
12321,5.5
1109,6.9
14555,26.5
10193,9.5
12046,4.1
2053,7.7
13816,9.0
2626,8.5
153,16.5
6938,8.5
14636,13.3
2778,6.7
10293,23.0
8952,8.1
13404,7.5
701,3.7
14730,15.0
6237,6.9
2218,6.1
4007,5.0
5049,8.5
2666,4.2
3786,9.5
15028,8.1
13581,19.3
1456,7.3
12885,10.9
4413,19.0
9856,23.3
11499,9.7
6275,5.7
2896,6.1
5860,8.0
10664,7.8
5737,3.3
10541,9.5
2758,7.5
10809,10.5
10698,7.3
6406,7.5
14095,6.0
6928,4.5
11219,8.0
5670,33.7
9732,20.5
3621,19.3
15685,23.7
6843,16.5
9778,23.5
10439,8.0
16019,6.1
12642,6.0
12937,10.9
11308,12.0
2197,13.3
9361,5.7
9336,18.5
11832,6.0
6162,5.0
1903,3.7
15501,42.33
10761,8.0
12089,7.5
4680,3.7
14150,8.1
14859,7.3
2692,15.5
9307,3.7
13594,10.0
2761,4.5
15474,5.7
9137,9.3
6418,13.5
1437,10.9
2846,5.0
5377,7.7
482,9.5
3677,13.3
13420,22.1
13011,10.1
11912,6.0
5847,8.5
791,22.5
4370,14.0
11184,9.0
3713,5.3
8524,11.0
4126,11.7
11548,6.0
2685,10.0
14291,16.0
6545,7.0
12760,4.5
1981,4.5
2354,5.8
10451,5.5
6488,4.5
12304,8.5
4157,5.0
2297,4.5
16054,5.3
8489,6.1
8342,6.5
5549,38.5
14329,18.1
905,3.7
5097,5.3
3964,23.0
2753,8.1
6421,9.3
11759,14.0
14985,8.9
15657,10.1
13578,13.5
12225,12.5
2860,5.7
5790,11.3
15577,7.3
1417,15.0
1022,36.1
1769,12.5
10709,12.1
3134,21.3
15771,44.33
1202,14.5
2331,13.3
2272,8.1
10295,4.5
3544,8.9
10479,7.5
13242,29.07
1520,14.9
13928,26.5
2404,19.5
3074,8.1
8742,11.7
5518,6.5
2994,11.5
3820,12.0
8681,14.5
3319,4.9
7216,4.1
2174,8.1
8692,13.3
4474,15.0
8553,3.3
13010,49.8
12213,4.1
5610,13.0
5140,6.5
223,4.1
10437,7.3
2787,14.5
6542,6.5
12374,3.7
13844,5.7
11677,13.3
8255,4.1
10326,10.1
379,14.1
7687,9.0
14566,26.1
706,17.0
3290,32.5
10667,10.0
1581,16.1
15913,8.1
3466,4.9
12187,16.9
14875,4.9
10166,14.0
6693,23.3
8378,6.0
4848,8.0
14455,18.33
13469,6.5
1927,8.5
14844,8.5
11127,13.5
4959,11.0
14505,22.9
15851,4.1
5716,3.7
8495,22.0
15597,4.5
15205,17.7
11839,8.9
6605,9.3
14746,7.7
6316,9.0
11157,7.0
9974,9.0
593,11.5
8203,9.0
11023,8.5
4305,13.7
2444,8.1
331,4.5
11090,4.9
5802,4.5
4462,16.1
4400,19.0
2326,6.9
15722,45.83
5612,5.5
11748,5.5
11011,10.9
3911,5.7
10971,6.1
6333,5.0
15226,19.7
12527,10.0
5775,13.3
2359,15.0
10288,9.0
13155,12.9
14618,8.1
7379,8.0
8875,11.3
13806,8.1
3467,4.1
11538,8.5
10033,4.9
15912,8.1
1513,4.5
6897,6.5
10030,5.7
2762,6.5
9171,6.9
14172,3.3
15740,8.5
13906,4.9
7580,22.5
16048,9.7
10141,12.5
13411,5.5
874,13.7
4537,4.1
8872,12.5
1012,15.3
2802,13.5
3454,6.0
14781,13.3
10228,11.0
3125,18.1
15414,12.0
4127,5.5
9650,6.9
9526,10.0
1278,16.9
13650,10.1
12266,8.1
7896,9.3
9454,6.9
9890,37.33
4348,6.5
7794,48.1
4131,7.3
3321,9.5
1794,8.5
2470,4.9
14592,4.5
14353,6.1
7197,5.0
9582,19.7
10723,4.1
13747,8.5
794,14.5
10597,6.0
8247,3.3
5902,6.1
4627,10.9
2362,14.5
9179,3.3
1922,15.5
9687,14.5
7218,6.1
10614,4.5
9345,8.0
1608,6.1
3359,17.5
2115,9.0
15899,6.5
1603,6.1
11364,8.9
4037,10.5
863,8.1
2202,11.5
3039,11.5
1489,12.1
7384,7.3
2529,11.7
14542,10.1
12936,9.7
7151,18.5
14913,11.5
7130,7.3
4660,12.0
5871,6.1
13351,30.5
9178,6.9
5060,6.5
5901,8.5
11054,16.5
13772,22.0
7190,5.0
12576,10.5
12548,12.5
13163,14.0
11883,10.9
9110,4.5
6975,13.5
12769,8.5
7420,11.3
6806,22.1
7329,7.7
11292,8.5
833,4.5
15398,7.5
12673,21.0
4772,4.9
1659,9.7
4947,17.3
4987,4.5
13764,7.3
5811,12.1
6855,24.5
11354,3.7
15690,6.5
9701,8.0
11606,8.0
1819,10.9
3521,8.0
8074,17.7
11051,18.5
11654,13.7
179,5.3
868,4.9
11953,4.0
9265,7.3
1738,12.9
10102,6.5
5080,14.0
9943,8.5
6026,6.5
13848,5.0
5279,5.3
7582,4.5
1268,14.1
10432,7.5
4071,5.7
6189,4.9
1822,8.5
3043,13.7
16012,8.9
2295,5.5
13860,15.3
1959,14.5
60,5.0
5642,4.0
10159,6.1
5133,10.5
9593,17.0
2019,6.0
906,4.9
8811,7.5
5881,4.5
10613,6.0
7376,11.7
9422,4.1
8341,4.5
12605,6.1
5020,7.5
11755,5.3
4604,6.1
2258,8.9
2126,9.0
11645,8.5
14619,11.0
12401,8.0
11106,4.1
4813,16.1
6305,10.0
3016,14.9
7698,6.0
15559,39.5
8737,4.5
13932,10.5
12754,4.1
11020,4.5
10352,17.3
1225,8.5
14027,7.0
14094,4.1
13462,4.5
11131,9.5
10170,6.9
13383,10.3
5460,4.0
6611,6.9
3605,8.9
5302,8.0
12073,32.0
10081,8.5
9609,10.5
2224,34.9
6845,10.5
5507,10.9
15301,14.5
15253,4.5
7006,11.3
14171,7.5
4206,13.0
2731,4.5
1000,7.0
9554,11.7
3229,15.0
13309,9.7
7563,8.5
2569,4.1
2164,8.1
129,6.5
15336,7.0
15719,6.9
14911,10.5
8761,15.7
10313,14.9
9986,4.5
7126,4.9
12021,13.3
12431,6.0
4421,17.7
14036,3.7
3041,11.0
3390,6.9
302,4.5
5870,10.9
9193,13.5
12716,7.5
3195,14.5
3351,10.1
10819,4.1
8824,9.5
10848,10.0
12427,13.7
7666,12.9
15879,17.0
2597,10.1
14720,7.0
106,11.3
8674,6.9
8477,8.1
5240,11.5
43,12.1
8869,6.5
11592,4.9
8615,12.5
3893,7.7
3791,7.3
7683,7.7
4508,31.0
6914,7.0
4553,10.5
287,8.5
14429,18.5
1313,3.7
1469,16.1
8523,6.1
289,7.5
15693,6.1
2183,10.5
14200,15.7
920,4.9
12388,7.3
3903,13.7
15084,4.5
7012,6.9
838,18.0
11854,11.3
15629,11.3
15289,10.1
2139,7.5
4948,6.0
15935,9.3
5685,4.1
4258,10.9
460,25.7
8252,9.5
14303,4.5
14181,14.0
12768,6.1
9059,8.0
1870,6.5
9717,6.9
12466,7.3
3731,23.0
6141,8.5
10044,10.0
7254,4.1
15593,11.3
6398,6.0
10270,6.1
14762,15.3
11648,8.5
8047,14.5
14382,4.1
6604,14.5
4337,9.3
11332,5.7
139,16.5
9489,17.7
7132,5.7
7253,4.9
13595,8.5
1048,19.3
1386,6.0
4967,10.0
10878,10.1
12353,6.5
8020,7.7
13699,6.9
492,17.0
8560,6.9
14966,4.9
14424,8.1
11884,7.7
15730,7.7
7064,6.5
7548,19.33
2464,9.0
12145,4.9
665,27.0
12020,24.0
15236,20.5
7737,4.5
8396,26.1
15553,5.3
12984,20.0
11957,7.0
4497,25.7
57,9.7
5329,7.3
5846,3.3
6695,12.0
107,8.5
9900,13.3
1916,14.1
9994,4.1
7341,5.7
9377,49.8
1363,8.1
5317,5.7
14617,7.7
12314,18.5
1853,6.5
11451,8.0
5276,8.1
11706,6.5
9056,12.1
14562,5.7
8652,12.5
8498,4.1
8617,8.1
2098,5.0
7889,9.5
12340,14.5
12533,3.3
10659,10.5
1385,13.0
3672,5.7
9737,13.7
1289,19.5
6258,29.4
14242,11.3
567,9.5
13811,7.0
11767,10.1
377,8.5
8750,9.0
10486,4.9
11490,5.5
8577,4.0
328,5.0
5553,11.0
5086,9.3
1078,5.3
7878,18.1
7558,7.3
2473,9.7
13513,4.5
14444,14.9
9041,10.1
10237,5.0
10362,4.9
3475,41.3
91,7.7
14504,15.3
853,5.5
4840,18.0
2095,9.5
15077,10.5
2184,21.3
6151,35.5
15109,8.5
4152,16.9
7326,8.9
13731,8.0
14551,5.5
3943,13.0
4860,9.3
15067,10.9
4538,7.5
3844,7.5
11212,11.7
4486,13.7
4035,5.0
10763,5.5
2415,6.9
5769,5.3
13819,5.3
8698,7.0
11889,8.5
13903,12.0
5562,13.5
15944,9.3
13105,17.0
9512,11.5
14524,31.3
8702,17.5
5581,11.5
7062,4.1
9254,11.0
2160,6.9
1479,6.9
13779,4.1
12290,3.7
12174,5.5
9201,11.7
1902,7.7
5889,13.0
1745,8.9
5305,17.0
4981,4.9
15351,4.1
3448,16.9
2461,7.3
11041,3.7
8599,6.0
13967,15.0
9769,43.5
2351,17.5
3997,6.5
9733,4.5
4788,11.7
12684,12.0
301,26.67
8101,10.0
11424,7.0
11561,18.0
9460,5.5
10416,6.0
2429,4.9
8497,6.1
10457,5.3
12048,4.5
9658,6.0
8616,12.1
7101,15.5
6698,10.1
15476,16.1
10675,14.0
9372,22.9
9751,14.5
14759,31.83
6046,10.5
11866,11.3
6181,7.0
11712,5.3
2750,6.5
16002,4.5
14665,8.5
10268,33.83
7927,8.5
11598,6.5
2859,11.0
14813,7.7
2946,12.5
13187,9.3
9575,4.9
358,8.1
844,23.0
1431,49.8
8426,4.5
4706,37.0
9231,35.83
6984,49.57
4917,6.9
2207,3.7
13529,5.7
6218,8.0
13190,7.5
3286,8.5
559,36.0
12283,20.0
6603,28.0
7596,6.5
13703,14.1
2135,25.5
6158,14.5
7095,8.9
10422,9.0
6234,13.3
5455,5.3
8929,34.27
14752,6.1
9918,14.9
6450,5.5
12903,9.0
9736,8.1
6777,5.0
14173,7.3
10846,22.5
1426,7.0
11702,27.0
10321,8.1
1633,11.0
7389,7.7
4549,4.5
9337,21.0
2818,11.0
12085,36.83
85,12.0
15984,5.3
15666,4.9
6791,5.3
4576,6.5
9564,6.0
12746,4.9
1439,10.9
3019,6.5
9839,18.1
7755,7.7
15188,10.5
4728,8.1
6636,6.1
11529,11.7
13161,15.3
6946,9.3
6307,35.47
14043,5.0
3612,11.4
7310,4.5
6242,24.5
9066,12.1
13580,4.9
9077,36.33
11894,16.9
4923,27.0
12853,7.0
8179,35.5
15185,5.5
6797,10.5
14641,6.0
13506,37.7
13189,24.1
14972,15.5
5390,16.5
806,3.7
12448,27.5
10415,5.3
5340,4.5
6660,5.5
1196,4.0
5710,10.9
6589,4.9
4562,6.9
8189,4.1
8253,17.0
1480,7.7
12352,20.9
716,7.7
13557,6.5
12878,3.5
14773,4.5
3602,8.9
9628,16.0
14048,5.3
2310,10.5
8067,18.0
12329,9.3
1139,3.7
12435,8.9
15003,41.0
8485,5.3
21,11.5
14979,6.9
7325,16.5
13438,6.5
13640,9.5
12156,10.0
4388,19.0
12292,14.5
288,9.5
4307,13.7
14073,21.0
10911,7.0
14105,21.0
14612,4.1
11913,20.1
12856,7.5
539,49.8
7128,9.0
13038,11.0
2748,4.1
12070,6.1
9000,7.0
2153,11.0
8805,9.3
13392,8.5
15131,8.1
10283,5.3
5935,5.7
9444,10.5
4950,9.5
8352,9.5
3942,6.5
1334,12.5
12865,15.0
1657,8.0
6347,13.0
1613,8.9
1373,3.3
13120,4.0
15587,3.7
6655,14.0
13885,9.5
14777,11.0
4080,7.7
3381,10.9
6859,12.9
5330,6.1
11341,19.3
14933,12.1
7714,8.5
13423,7.3
4647,9.3
3233,23.47
8937,6.1
10368,6.9
5365,9.0
820,4.5
8908,15.0
1026,3.7
6322,30.3
14294,7.3
1127,20.5
6525,3.7
11923,6.9
4448,9.7
640,6.0
7585,8.9
10734,4.1
4061,4.5
14225,8.5
7543,10.0
14168,8.9
11061,16.9
12923,12.5
8144,5.0
15909,8.1
6049,11.5
982,9.0
5879,7.3
891,9.7
1087,11.0
5077,4.9
10930,8.0
3747,9.7
6515,15.0
13659,7.0
14916,10.9
4154,9.7
3502,11.5
7314,8.5
1454,4.9
15625,8.5
11015,12.9
13241,8.0
13533,8.9
6974,9.5
726,31.2
10594,7.5
9232,9.0
11508,5.5
7555,16.0
329,34.0
4197,8.0
760,9.3
7496,8.5
4555,6.9
12560,6.9
1211,4.1
7826,6.5
3158,19.5
8561,7.3
8736,4.9
12723,6.9
13118,4.5
2502,32.1
1336,18.5
10557,8.9
7782,7.0
5792,8.5
13808,10.1
10164,12.9
4288,3.3
9657,8.1
1544,4.1
7163,6.1
1573,10.0
6160,9.7
8901,21.0
14890,6.5
10690,14.5
5053,16.1
3289,13.0
8149,10.5
10681,5.5
7256,7.0
13705,6.0
3306,22.5
7904,7.0
8327,6.0
12834,7.3
2677,13.0
12203,6.5
10446,5.0
7277,8.1
9857,12.0
6913,4.9
11278,5.0
14892,6.9
7173,6.0
13359,19.3
11129,9.3
4261,8.2
3744,14.0
11739,11.0
12079,12.0
13669,10.1
5980,11.3
6433,5.3
6092,14.0
14643,25.7
14605,7.7
7999,33.5
7114,11.5
5269,20.83
3577,23.5
2712,12.5
12015,22.1
3261,10.9
1651,6.0
9076,19.0
7239,7.7
4949,19.7
11520,25.5
1493,25.7
5893,11.0
5658,6.9
14351,7.5
14552,4.9
14492,5.7
10628,12.0
7651,8.5
15664,14.9
276,10.9
12270,5.0
14407,8.9
6045,11.5
1809,4.5
5031,9.3
4304,25.3
917,15.0
11312,9.5
13690,6.5
14284,6.5
1034,18.1
4293,5.7
8274,3.3
343,7.3
5551,7.7
9134,7.0
7413,5.3
8718,42.83
1983,26.8
8338,8.9
10777,17.0
5287,9.3
2205,6.9
3902,8.5
9163,5.7
13864,7.3
12179,5.3
8769,4.5
4390,5.7
6527,3.5
10153,6.1
9038,6.5
8994,7.5
4925,6.9
9296,3.5
14340,49.8
10678,7.3
5399,18.9
1331,6.9
7287,8.0
8075,19.33
15910,6.1
4965,14.0
4807,9.3
4753,7.0
12960,13.7
11717,6.9
14995,8.5
8779,6.1
9,8.9
16017,10.0
117,3.7
2283,45.0
4847,6.1
8758,14.0
5913,8.5
1304,17.3
7407,12.9
3250,9.3
3332,4.9
13185,5.5
7529,4.1
14213,11.7
7630,5.0
6996,7.0
4326,13.5
1786,7.0
14927,22.5
12315,4.5
14078,8.5
4467,6.5
5142,4.9
4020,9.7
10833,14.5
2738,6.9
5856,12.0
14343,5.7
170,11.7
15038,19.5
363,9.5
10273,16.5
579,11.7
6175,11.0
7109,3.7
15638,8.1
1869,6.5
6732,10.9
3011,7.0
10039,3.7
4744,8.0
3504,5.7
10660,6.9
9923,7.7
13947,14.5
5166,4.5
17,5.3
688,15.5
14198,4.1
410,9.3
15624,6.1
8854,11.7
2402,11.0
10252,33.83
7334,9.0
7450,8.5
6329,4.0
13006,9.7
15755,7.3
12757,8.0
735,12.9
15620,5.0
4556,12.5
4140,9.7
6848,8.5
6133,14.9
14824,25.0
779,12.1
12758,3.5
2237,7.0
14538,6.9
3655,10.9
7828,6.5
130,8.0
4443,32.0
337,5.3
3898,4.0
15737,8.1
16044,16.5
15032,11.0
7527,11.7
7797,8.5
1423,6.1
2911,5.3
1103,5.0
7523,12.1
5385,5.7
11557,20.5
14700,19.0
12198,10.9
7328,9.7
3444,9.0
2976,7.3
12159,8.5
13858,8.5
15284,12.1
10423,8.0
8176,10.5
3581,6.5
13316,6.1
15287,9.0
14994,6.0
3265,5.7
1956,5.5
714,5.7
1356,4.5
15894,5.0
4156,9.0
10979,7.7
6280,8.5
10204,8.9
10045,3.7
7025,14.0
12690,8.9
3496,4.9
14447,12.5
4824,12.5
12792,6.0
11944,6.9
14188,20.5
6825,10.1
11410,12.9
4302,6.5
13748,5.5
14241,9.0
72,6.9
8038,8.5
8656,6.0
8000,5.4
13277,18.0
3166,7.3
260,6.5
1420,10.0
8425,8.9
15856,11.3
4244,10.5
9676,13.5
12877,24.5
10566,15.3
7327,7.7
6196,11.0
5647,6.1
3799,6.5
4870,7.7
1149,14.1
3220,10.5
10230,7.7
10989,8.5
3076,13.0
1814,5.3
11732,17.3
11008,11.3
1797,10.1
857,31.5
15766,11.5
1554,13.5
4629,6.5
5151,7.3
8704,17.0
1446,19.0
1549,4.5
1894,11.7
12653,3.5
1777,7.3
9765,13.3
10896,34.83
4507,4.5
1099,17.0
14620,7.5
1205,11.0
11123,11.3
15020,15.0
2360,15.0
320,26.5
3573,8.5
6010,13.0
13374,4.5
13108,12.5
7155,5.7
5868,22.9
7281,10.5
5857,6.9
15534,28.0
9507,6.5
8939,10.5
15212,4.9
15437,9.5
7569,25.0
14682,8.5
4565,37.0
3335,17.0
8850,17.5
12551,17.5
15618,5.0
3021,23.5
3653,6.1
13709,13.7
2268,5.3
14532,7.7
9028,39.83
12957,5.7
2924,7.7
12717,27.7
1690,6.9
596,3.7
4774,5.3
3858,6.9
14461,5.9
12184,6.5
15946,9.3
8430,9.5
3331,4.9
5531,3.7
2223,6.0
15709,4.5
13743,4.1
3956,7.3
4594,3.7
4983,4.9
14984,5.0
12648,14.9
12417,7.1
13094,6.9
15526,7.3
5079,12.0
3344,6.0
7073,17.5
10655,18.5
10475,21.7
10478,6.1
6817,15.5
15208,7.5
3085,13.5
3241,10.9
12457,9.3
235,7.3
2109,4.5
7497,15.0
5274,8.9
14993,16.1
11892,7.7
8879,9.7
11560,5.5
10057,10.9
7294,14.5
13071,4.5
9602,10.5
2849,9.5
4200,4.5
12143,12.5
15211,13.0
11528,7.3
1825,3.7
3279,10.1
12938,4.5
7976,3.7
13530,16.5
13172,6.0
9495,10.5
3007,8.0
12624,8.9
7653,9.0
4607,15.0
7952,7.3
11532,3.3
2035,9.0
14005,20.0
12080,25.5
8968,6.5
6321,42.0
6070,15.0
1751,30.1
13437,8.5
5214,5.3
2087,10.5
15930,8.5
10519,34.9
14825,19.0
14851,15.7
11989,11.0
14297,8.0
11164,24.0
1641,11.3
6496,4.1
10800,11.7
13331,14.0
11941,6.0
15122,9.5
1230,11.7
3725,3.7
12724,7.0
10694,15.5
15040,3.7
10725,12.9
11225,7.7
13783,7.0
3384,5.0
12041,49.57
3646,19.5
15360,3.7
1041,23.5
4518,12.1
6538,3.5
9531,6.5
8107,7.0
3742,11.0
8975,7.3
9166,7.3
8050,6.9
12449,7.0
8889,5.5
2759,25.5
12622,8.2
14344,5.3
14373,9.3
11513,7.0
10603,37.33
8554,3.7
14518,5.3
6737,5.3
3425,5.5
13342,7.5
11027,15.5
13191,7.7
5900,8.5
762,6.9
6800,4.1
1932,9.5
12579,5.0
12707,9.0
10344,8.5
4712,20.9
12996,7.0
5082,6.9
5342,7.3
10173,13.5
12136,7.7
3821,10.5
15417,20.0
12561,8.1
6204,11.7
6666,6.9
15216,10.0
1733,8.5
5987,16.0
14162,4.9
743,4.9
797,10.5
1854,9.0
2703,8.9
13789,4.1
2483,4.5
3684,7.7
